value,Label
69.88083514,1
71.22022706,1
70.87780496,1
68.95939994,1
69.28355102,1
70.06096581,1
69.27976479,1
69.36960846,1
69.16671394,1
68.98608257,1
69.96506224,1
70.55619466,1
70.30750511,1
70.24625215,1
69.85490839,1
71.64329118,1
71.24565942,1
70.74509976,1
71.37329829,1
71.7957509,1
72.0916061,1
71.55307612,1
72.18769545,1
70.64995744,1
71.34274211,1
71.5867281,1
70.97700116,1
70.24388209,1
70.43282627,1
69.74896285,1
68.74938222,1
69.35162661,1
68.85314844,1
70.31790951,1
70.30055692,1
72.53056283,1
71.64320692,1
72.92223804,1
72.63758833,1
72.95903086,1
72.15222081,1
72.16607562,1
72.30558574,1
72.3823022,1
72.61234869,1
72.7759957,1
71.91696888,1
71.55368851,1
71.63096403,1
70.59673521,1
70.85248247,1
71.08476824,1
70.84723252,1
70.2324226,1
70.12823808,1
69.92923136,1
69.28574982,1
69.72638712,1
68.19010253,1
68.91679541,1
67.26820458,1
66.9649601,1
67.76538379,1
66.91858576,1
67.60522282,1
67.17661097,1
67.99254044,1
67.25818019,1
66.59407898,1
67.86855757,1
67.2922007,1
67.16337656,1
66.27568448,1
65.96858705,1
65.31642297,1
65.42912751,1
66.75098393,1
66.12965686,1
66.09613054,1
65.54142516,1
65.00924432,1
65.33294727,1
66.51294379,1
67.88554227,1
67.22250712,1
68.08885127,1
68.55257476,1
70.32033392,1
70.48553783,1
72.33830154,1
71.1908248,1
70.7598977,1
70.57075487,1
68.8857231,1
68.36836764,1
68.42198714,1
67.55824354,1
66.4884322,1
66.00939653,1
65.79409771,1
65.69617694,1
66.14773729,1
67.47861967,1
67.43966413,1
68.50079012,1
69.93367814,1
70.66856782,1
69.4336401,1
70.20645921,1
70.23002897,1
71.58361231,1
71.56436778,1
71.02917453,1
72.831066,1
71.13716811,1
69.72083178,1
69.17560647,1
69.31959282,1
68.81260454,1
68.55716829,1
67.73062887,1
67.80815335,1
66.93277621,1
65.84066557,1
66.15467548,1
65.78125301,1
67.33388757,1
67.3485843,1
69.7530197,1
69.90438916,1
70.59424483,1
70.05946788,1
71.02625542,1
71.56116588,1
70.98303947,1
71.78059711,1
73.4041999,1
71.60391994,1
70.48045714,1
69.48780075,1
69.37470081,1
68.66754682,1
69.05640228,1
69.28118591,1
68.00921159,1
68.57902651,1
66.49549932,1
66.7500451,1
66.42304923,1
67.52779448,1
67.89346899,1
69.1011507,1
70.51575503,1
71.51359764,1
70.78913828,1
70.92408975,1
71.43667911,1
72.77048744,1
72.18360109,1
72.2317116,1
72.14511125,1
72.66568122,1
71.74663208,1
71.47523835,1
70.17998073,1
70.01828427,1
69.63409091,1
69.24166979,1
69.44746561,1
69.56135461,1
67.43148423,1
67.27588501,1
67.64302314,1
67.11633221,1
68.58615434,1
68.54878335,1
69.78361434,1
70.13666468,1
71.7985668,1
72.95326709,1
73.38358272,1
72.72556855,1
74.27730941,1
73.58946213,1
73.07774519,1
74.52428051,1
72.52552383,1
72.64264374,1
73.47727338,1
72.37521094,1
71.20816904,1
72.23586399,1
71.0999234,1
70.95986451,1
70.25370091,1
71.29442554,1
70.37620145,1
70.33534302,1
68.96127518,1
68.67478951,1
68.68142551,1
70.09922792,1
69.29115996,1
69.14944184,1
69.3804568,1
68.32729437,1
68.7116701,1
69.43031387,1
69.12568539,1
69.40509502,1
68.64876516,1
67.68106913,1
69.16363194,1
68.19982138,1
68.1347302,1
67.28588699,1
67.77737459,1
68.40400085,1
68.12434843,1
66.62975642,1
67.75402118,1
67.19706687,1
66.19511529,1
67.03467174,1
66.39229109,1
66.98910128,1
66.70652022,1
65.89533219,1
66.1531063,1
65.94826687,1
66.18545065,1
65.956704,1
66.58099932,1
67.19124175,1
66.74457508,1
65.89869767,1
65.51804828,1
65.98471013,1
66.62908319,1
65.6402447,1
65.81400458,1
65.79277627,1
66.47022878,1
66.21114689,1
68.4034625,1
69.51708004,1
69.39746721,1
70.91288645,1
70.88878119,1
71.10972093,1
72.96756108,1
72.02770961,1
73.95202783,1
73.37599022,1
73.50769737,1
72.71914771,1
72.47419791,1
72.0845572,1
70.36089703,1
71.0505306,1
71.07182369,1
70.51372607,1
70.1825903,1
69.85543379,1
67.99007603,1
68.45766038,1
68.27103298,1
68.96138225,1
69.74436809,1
70.61571518,1
71.17846267,1
72.386747,1
72.41193764,1
73.68813485,1
73.74326223,1
73.75611822,1
74.32401543,1
73.86398591,1
73.78849309,1
73.00264849,1
72.04541547,1
71.08743709,1
71.9849653,1
71.1116001,1
70.9966876,1
69.26084472,1
69.52490512,1
68.65398309,1
68.44222186,1
68.98691712,1
68.12116394,1
70.27706087,1
69.46657012,1
70.32267213,1
71.8078395,1
72.06436516,1
72.48594731,1
72.35822858,1
74.73026071,1
74.45593333,1
74.93021109,1
73.4616952,1
73.44264061,1
73.59425862,1
72.56355591,1
71.67826483,1
72.61615717,1
70.46155106,1
70.68690223,1
71.27823432,1
70.31179231,1
69.53791299,1
70.39827926,1
69.63338286,1
69.47214598,1
71.46398548,1
72.41314268,1
70.9737679,1
72.40852176,1
73.89859399,1
73.99496326,1
74.54050584,1
74.01063854,1
74.12498598,1
74.69411987,1
73.07657971,1
73.16384917,1
73.505794,1
74.12699807,1
73.71152259,1
71.98042488,1
71.25116014,1
72.16027157,1
71.37306717,1
71.51790632,1
72.2737793,1
71.8167371,1
73.80696593,1
72.94734057,1
74.80626301,1
74.08191979,1
74.0239745,1
73.62518064,1
73.55238749,1
74.17438898,1
72.87160933,1
72.28482269,1
73.51122601,1
72.89366827,1
72.1479165,1
72.9557522,1
72.42186823,1
70.665252,1
71.61263958,1
69.74580737,1
71.39185449,1
70.82733191,1
69.32886638,1
70.65200484,1
70.26620516,1
69.04063432,1
68.41965745,1
68.8585241,1
68.36710746,1
68.83774585,1
68.30402817,1
69.3689329,1
68.08187826,1
67.60392999,1
67.44621031,1
67.54039145,1
67.80852224,1
66.38552342,1
66.67172095,1
65.91622406,1
65.67154675,1
65.72519189,1
66.79848157,1
65.43107747,1
66.88734467,1
65.94946794,1
65.28216492,1
66.6497085,1
66.3990687,1
65.00919878,1
65.06137224,1
65.62911927,1
66.37157503,1
66.33871216,1
65.29158087,1
65.17119986,1
65.36758419,1
65.43995404,1
67.07099988,1
66.67125763,1
67.64060287,1
68.6279746,1
70.2454449,1
69.70567339,1
70.36650487,1
72.27945276,1
72.71664316,1
71.84306091,1
71.53844637,1
71.55812139,1
70.76534571,1
71.14242657,1
70.71393712,1
69.58966371,1
69.02299462,1
68.95729279,1
68.14795876,1
67.48635522,1
66.52278589,1
66.81771127,1
66.25215878,1
68.14487953,1
68.75540328,1
68.54546326,1
68.65504344,1
69.96525521,1
70.93097625,1
70.67200225,1
72.45541594,1
72.75267236,1
72.98703117,1
73.15160594,1
73.18754221,1
71.04274096,1
71.54354038,1
71.74520109,1
70.94274876,1
69.74530422,1
69.52726729,1
70.32903161,1
70.03017299,1
68.87043296,1
68.92349639,1
68.10636443,1
68.55988567,1
67.85392905,1
68.35577512,1
69.70795831,1
70.53390858,1
69.78024465,1
71.51678733,1
72.0310376,1
73.40007449,1
73.8675255,1
72.66779455,1
72.85222389,1
73.1132335,1
72.2813031,1
72.61561106,1
71.61517817,1
72.75668787,1
71.14354005,1
70.8585056,1
70.89259768,1
70.85000882,1
71.4091997,1
70.257825,1
69.82174319,1
69.39311984,1
69.94923869,1
70.35977277,1
71.59751048,1
71.15990415,1
72.51273013,1
73.02999473,1
72.09791824,1
72.92583014,1
73.86938351,1
73.91377788,1
74.46991144,1
73.21314175,1
74.51203141,1
72.84294254,1
73.43276491,1
73.3046638,1
72.81092703,1
72.86473466,1
71.38222869,1
71.19623896,1
71.03955791,1
72.2791006,1
70.21785723,1
70.31733297,1
69.78868463,1
70.88145123,1
71.61930479,1
72.28509323,1
72.77202114,1
73.24703993,1
72.80712104,1
72.58748947,1
74.68417583,1
73.09200323,1
74.09006089,1
74.61862587,1
73.81911639,1
74.57014385,1
72.69101123,1
73.56142292,1
73.77909916,1
72.91239911,1
73.48633826,1
72.73447053,1
71.62959719,1
72.41051865,1
71.64829313,1
71.34815297,1
70.69776199,1
70.47033288,1
71.02517791,1
69.83488902,1
71.50090936,1
70.40361959,1
70.54399168,1
71.85746328,1
71.15225757,1
72.78516393,1
73.360705,1
72.86473047,1
72.70608578,1
73.85915886,1
73.50507967,1
72.19240313,1
72.13995763,1
72.76124036,1
72.78238947,1
71.89290086,1
73.24344321,1
73.25408094,1
72.61221201,1
73.02852459,1
73.29062043,1
74.12192813,1
74.14262591,1
73.92443272,1
74.65910397,1
74.79811406,1
74.46700925,1
73.29755441,1
73.68345172,1
72.34692708,1
73.24426001,1
72.14957625,1
72.41976913,1
71.31132501,1
71.70322328,1
72.25103685,1
71.97716389,1
71.39886276,1
71.59695286,1
72.63410157,1
73.23961797,1
72.52081721,1
74.0159805,1
73.67468353,1
74.3638755,1
74.41574553,1
74.22077381,1
72.99868724,1
74.22813959,1
73.86242657,1
73.64995716,1
72.4157443,1
72.33008672,1
72.6550647,1
72.28311126,1
73.03449417,1
72.28032012,1
71.87820491,1
73.40155661,1
74.44122979,1
73.87635966,1
73.90784081,1
74.80214938,1
74.85748264,1
74.3965383,1
74.09065784,1
74.99478559,1
74.49008385,1
74.15968431,1
73.77074883,1
73.761944,1
72.39267309,1
72.65461782,1
71.85842391,1
72.90726702,1
72.74347127,1
73.80882616,1
74.02068569,1
74.93830342,1
73.482711,1
74.16997946,1
74.01751843,1
74.4981404,1
74.65943066,1
74.8569766,1
73.98785798,1
74.22412386,1
74.51575386,1
74.45778211,1
74.12643606,1
73.99954302,1
72.26824527,1
73.7764128,1
72.90101937,1
72.11776996,1
72.92499217,1
72.05187563,1
72.38437545,1
74.07630529,1
74.61920753,1
74.94074803,1
74.76418837,1
74.12540695,1
74.84051371,1
73.79928772,1
74.780247,1
72.82864301,1
72.48177255,1
73.2742951,1
73.26715622,1
72.74611472,1
71.30564248,1
70.79796992,1
70.8324548,1
71.36899796,1
71.30600481,1
69.95127986,1
71.11183674,1
71.24355108,1
71.16602046,1
69.5362003,1
71.21599291,1
70.94704371,1
71.14172451,1
70.94719413,1
70.28093351,1
69.95038298,1
70.06016939,1
68.72937535,1
68.31124754,1
67.59938455,1
69.23919313,1
68.70527934,1
67.30881248,1
67.2909389,1
67.01058194,1
67.11700116,1
67.17114622,1
66.1031092,1
65.97732586,1
65.16140029,1
65.86503497,1
67.73521012,1
68.12101336,1
68.68838431,1
67.73402197,1
68.42818207,1
68.16946111,1
67.49229937,1
66.98395449,1
68.04064964,1
66.62055167,1
66.64744323,1
66.08743294,1
67.22510503,1
66.43247979,1
66.57052361,1
68.05327519,1
67.67038945,1
69.17031869,1
68.89948983,1
70.00978672,1
69.82913552,1
70.9242198,1
71.27814633,1
72.15965785,1
72.97618331,1
72.66683797,1
73.69117746,1
72.80151077,1
71.85931396,1
72.23815016,1
70.95862334,1
72.4688891,1
71.66219799,1
71.86755979,1
70.7802684,1
70.99083764,1
69.15653193,1
69.08522976,1
69.75214256,1
69.46942493,1
68.77679875,1
70.22714587,1
71.01598435,1
72.44743344,1
72.06658701,1
72.98693668,1
73.69835469,1
73.75209157,1
74.55800629,1
72.35247916,1
65.26017655,1
74.76223447,1
73.49525372,1
73.36538505,1
72.5976732,1
72.994257,1
72.85282429,1
72.74890938,1
72.12765994,1
71.09856805,1
71.23849804,1
70.27255592,1
70.8839587,1
71.39022061,1
70.52089931,1
71.25419744,1
72.68993228,1
72.61074543,1
72.43902889,1
73.58512146,1
73.89459624,1
72.95170937,1
74.07563886,1
73.6806514,1
72.89217355,1
73.32218412,1
73.24266369,1
72.1417144,1
72.30380183,1
72.89276841,1
71.56299973,1
72.39705979,1
72.00657008,1
71.32736169,1
70.82135373,1
70.1336473,1
70.0467162,1
70.06918582,1
70.7963492,1
70.91540196,1
71.67451047,1
72.18760774,1
72.1207947,1
72.51156743,1
72.23695024,1
71.87503532,1
72.49582348,1
72.35768598,1
73.93378927,1
73.98233814,1
73.59560241,1
71.98821679,1
72.32396967,1
71.6259057,1
71.72859842,1
70.70127666,1
71.00161546,1
70.81636614,1
70.72324263,1
70.3860912,1
68.77908287,1
70.22778904,1
69.87258414,1
70.44715736,1
71.08361107,1
71.23292042,1
72.16067996,1
71.86722192,1
72.16014273,1
72.99568483,1
73.27572883,1
73.49417662,1
74.21107376,1
72.54083404,1
73.21324868,1
72.58771726,1
73.50120424,1
72.09154651,1
71.09042019,1
71.23416619,1
70.63012271,1
69.77541726,1
69.28687677,1
70.44057715,1
69.28731334,1
69.93728934,1
69.3391448,1
69.13334157,1
68.65929831,1
68.18197506,1
67.84812498,1
69.37597782,1
69.10036669,1
68.8546449,1
67.85837277,1
68.46916703,1
68.17855534,1
69.21501077,1
68.96464737,1
67.87377682,1
67.72178625,1
68.58499733,1
68.44962111,1
67.14273776,1
67.07599947,1
68.29349922,1
66.78969926,1
65.82622549,1
66.59954318,1
65.01332031,1
65.90620917,1
65.84496837,1
65.58278655,1
65.55748205,1
65.59894884,1
65.83625843,1
66.03749482,1
65.38311565,1
65.99967447,1
65.07952767,1
65.29604166,1
65.20610988,1
65.40331196,1
65.42865101,1
66.95784817,1
66.61279611,1
67.94979306,1
66.39778915,1
66.77796074,1
67.1940435,1
68.38187061,1
67.12861534,1
67.17067346,1
68.43923628,1
66.57086417,1
67.78803691,1
67.2787936,1
67.87219243,1
67.50915846,1
67.66070149,1
65.93597991,1
65.72336823,1
65.72245666,1
66.11658266,1
65.32184413,1
65.71791971,1
65.47364884,1
66.64929047,1
66.55123544,1
67.7952178,1
68.14077842,1
69.79685244,1
70.34622184,1
69.32175382,1
69.89015017,1
71.58845383,1
71.86175982,1
72.7410679,1
71.90458946,1
71.28351048,1
70.0972839,1
69.27726512,1
68.92546699,1
68.55186335,1
67.65673848,1
68.32131351,1
68.12150858,1
66.5554972,1
66.38718242,1
66.99569939,1
65.87173899,1
67.22433388,1
68.40446699,1
68.7484663,1
69.32469028,1
71.15467576,1
71.05227306,1
70.83181931,1
70.91625104,1
72.39488293,1
71.9832852,1
72.37378341,1
71.80748327,1
72.54903002,1
71.18557043,1
70.6560059,1
71.42334777,1
69.34699767,1
70.73289851,1
68.5593425,1
69.75429868,1
69.42528082,1
68.78050479,1
67.57592345,1
67.31292692,1
68.61465054,1
68.93048832,1
70.42238762,1
70.84558646,1
71.06424324,1
72.69610401,1
72.32617126,1
72.22167626,1
73.21437055,1
73.15708957,1
73.49412607,1
72.3006671,1
73.86668101,1
72.6701852,1
72.7624445,1
72.76328752,1
71.3147316,1
71.43288687,1
70.82264418,1
70.66687081,1
70.43909465,1
69.81296825,1
69.69858982,1
68.34291749,1
69.78913221,1
69.04301127,1
71.2618595,1
71.53303086,1
71.2414772,1
73.36763803,1
73.57415941,1
72.24425435,1
74.26516471,1
72.92651196,1
74.39635211,1
74.11889706,1
72.19232832,1
73.7390384,1
72.2079627,1
72.96446399,1
72.47851039,1
71.26534459,1
70.53066333,1
71.25037104,1
70.43519581,1
70.42341332,1
70.79164337,1
68.95439433,1
70.34051981,1
69.80542162,1
68.64316206,1
69.38668045,1
68.7892747,1
68.83952616,1
67.63291116,1
68.40694416,1
69.14007715,1
69.11590587,1
68.03579823,1
69.27272007,1
68.75322294,1
69.56566049,1
68.17712131,1
67.79477436,1
67.49347171,1
67.79427593,1
67.70107774,1
67.26294021,1
66.86984441,1
66.14932783,1
66.42313039,1
67.0524877,1
65.34818634,1
65.89940057,1
66.64739688,1
66.64122284,1
65.90167301,1
65.74127604,1
65.45031794,1
66.16094532,1
65.7044379,1
66.10922106,1
65.91187512,1
65.39461929,1
65.99746656,1
66.25822123,1
68.10328147,1
67.8042515,1
69.4870625,1
70.03024494,1
70.29600481,1
71.04468694,1
72.07494806,1
71.92135771,1
72.83067187,1
71.98101498,1
69.32089454,1
70.13159511,1
70.00507257,1
69.43663186,1
68.94680541,1
67.39526388,1
66.86451228,1
67.61515255,1
67.50015115,1
67.0649254,1
66.18109356,1
67.67862944,1
67.28780716,1
68.64887048,1
68.03818943,1
69.43733797,1
69.42521625,1
70.34561943,1
70.30816394,1
70.8360583,1
71.1470857,1
71.57781772,1
72.19406331,1
72.28995087,1
71.14766239,1
69.76492572,1
69.91788048,1
69.25384854,1
67.70300258,1
67.34860655,1
67.03007179,1
67.02774425,1
66.79530391,1
65.29474687,1
66.61324069,1
66.79489002,1
66.72432203,1
66.81536983,1
67.17358633,1
67.63012369,1
67.48754605,1
67.33171806,1
69.7284424,1
69.89615603,1
68.99214926,1
70.03999165,1
70.55714223,1
70.17848707,1
68.21913112,1
68.40833713,1
68.94808523,1
67.38899521,1
68.05245103,1
67.21188517,1
65.70328183,1
67.16985267,1
66.55460769,1
65.72798535,1
65.75716876,1
67.16913702,1
67.21744752,1
68.42865711,1
67.939555,1
68.21272047,1
68.59771355,1
69.8746694,1
69.78932095,1
71.20599841,1
71.58253869,1
71.88959565,1
71.86056438,1
72.04256027,1
71.39573223,1
69.55668318,1
68.93024269,1
69.66341833,1
69.04101322,1
67.96747227,1
69.31576272,1
68.15040455,1
68.35613984,1
67.76316051,1
67.03590822,1
67.39406286,1
68.68188132,1
70.23539114,1
70.72213492,1
70.58200639,1
71.80797978,1
70.57872691,1
72.0077339,1
71.71571281,1
72.11695816,1
72.64909676,1
71.43282886,1
71.71418699,1
72.28243141,1
72.25217338,1
71.74318478,1
69.68874182,1
70.11075437,1
68.69315914,1
68.49395196,1
69.05769349,1
67.38563023,1
68.51017483,1
68.046038,1
66.69591868,1
67.0893911,1
66.22561571,1
66.50296546,1
65.29980537,1
65.44279328,1
65.87726412,1
65.57372439,1
65.68296557,1
66.93568163,1
66.69982543,1
65.99025408,1
65.93769573,1
67.04970768,1
66.7355597,1
66.23665366,1
66.23546935,1
66.85525388,1
65.44418785,1
66.70939032,1
65.20905227,1
65.09660852,1
65.04527027,1
65.66669249,1
66.04597893,1
66.92945334,1
68.27335848,1
68.03643251,1
68.32526303,1
69.45241625,1
69.292876,1
69.61637759,1
69.09830136,1
68.9295352,1
68.38166541,1
66.69776707,1
66.55923923,1
65.50421593,1
65.36283826,1
65.03631072,1
65.19959422,1
65.80010808,1
66.90052411,1
65.9755618,1
67.21755426,1
67.61970814,1
68.68919867,1
68.99230755,1
69.01270334,1
69.60076165,1
70.62180453,1
70.80389723,1
71.95049453,1
71.45525932,1
70.69089941,1
70.84845568,1
71.14711094,1
70.19670613,1
70.2675738,1
70.3477134,1
68.94715476,1
68.19452413,1
67.41217981,1
67.6915133,1
68.1326941,1
67.72304464,1
67.00024303,1
68.33122058,1
68.77081792,1
67.89464946,1
70.32897545,1
69.94984745,1
69.04940045,1
70.48680148,1
70.73164318,1
70.27130965,1
70.56771532,1
70.52348927,1
70.94288585,1
70.09622236,1
70.9225366,1
69.73699276,1
69.50362657,1
68.74107885,1
67.98350404,1
68.65775842,1
69.01901831,1
68.7557281,1
67.6440132,1
67.09824802,1
68.8607674,1
68.54857064,1
68.10020545,1
67.3162411,1
67.37946307,1
68.16976322,1
68.33976301,1
68.55040093,1
67.16532869,1
67.30479343,1
66.79372649,1
66.97126902,1
66.36018507,1
67.20420628,1
68.07608732,1
67.23191893,1
67.78175194,1
66.07614673,1
66.11011254,1
67.10977933,1
67.52951352,1
67.37827727,1
67.10470918,1
66.9472606,1
67.13996477,1
66.6708542,1
65.9378113,1
66.5151767,1
66.072041,1
66.3918316,1
65.43023923,1
65.6508534,1
66.13170688,1
65.63831743,1
65.95578224,1
67.36956957,1
67.02516809,1
66.72385597,1
67.25433659,1
68.06762583,1
68.2229547,1
66.04236184,1
66.95310877,1
66.30459021,1
66.61170465,1
66.21768604,1
65.95636186,1
65.97202741,1
67.53287993,1
67.49599206,1
67.72868098,1
68.32218023,1
68.08308598,1
68.607251,1
68.77487445,1
68.7696785,1
68.64186817,1
70.62377265,1
69.50433389,1
68.92231254,1
70.48760069,1
68.22783476,1
69.04882691,1
67.74723934,1
68.09114575,1
68.65891435,1
69.63167183,1
69.57087107,1
68.92351224,1
67.53393503,1
68.2712078,1
68.65631055,1
67.39411119,1
68.37006622,1
68.23821811,1
68.24746423,1
67.4212915,1
67.17151006,1
68.84601436,1
68.98532397,1
68.6852691,1
70.38096941,1
70.63271507,1
70.71181053,1
71.77605259,1
71.9902121,1
70.50334409,1
70.02106963,1
71.10226832,1
71.07281481,1
71.00298194,1
69.64750524,1
69.29922688,1
70.19295937,1
69.59298326,1
69.94483099,1
68.38753638,1
70.12778664,1
69.75996879,1
70.57663801,1
70.11459489,1
71.54936878,1
71.04470664,1
71.67149466,1
73.23762503,1
72.25962147,1
72.93900293,1
71.27122808,1
72.55002116,1
71.25225098,1
71.97747232,1
70.23719215,1
69.94606111,1
69.450805,1
69.93479403,1
69.0965309,1
68.97376954,1
70.04102824,1
69.54259642,1
69.85107284,1
69.61953454,1
69.99920276,1
70.41283415,1
72.11046261,1
72.80678003,1
72.51801434,1
72.69228723,1
72.16597707,1
73.99614903,1
72.82582702,1
74.24818259,1
74.69982523,1
74.48402123,1
72.97264305,1
72.49176792,1
73.77290611,1
73.5313241,1
72.73837497,1
71.88548201,1
71.52278755,1
71.76144938,1
72.45670094,1
71.89475031,1
70.52341229,1
71.2629687,1
72.8074479,1
73.80156306,1
73.52862948,1
72.90089441,1
73.17178042,1
73.42038306,1
73.47819457,1
73.96854139,1
74.39984284,1
74.13263209,1
73.66106497,1
74.42455034,1
73.88125989,1
72.88416225,1
72.53366149,1
72.28026919,1
73.5383584,1
72.97417623,1
72.80378043,1
71.11640175,1
71.8028968,1
71.74339169,1
71.89946776,1
71.37667995,1
70.97398196,1
71.3123657,1
71.86460893,1
71.16599578,1
71.37723976,1
71.36848881,1
70.78637361,1
71.11015784,1
71.85983966,1
70.95035881,1
72.65891354,1
72.33779272,1
70.61711298,1
71.01930095,1
71.63639202,1
71.32415634,1
70.5466809,1
70.97726886,1
69.7019157,1
70.36501785,1
69.28265658,1
68.52513155,1
68.91671905,1
68.90391361,1
69.25304945,1
69.20694068,1
68.4344154,1
69.13783219,1
67.78567323,1
68.87397161,1
68.04502775,1
67.81055256,1
68.99773267,1
68.99448259,1
67.84551049,1
68.86458993,1
67.97043986,1
66.92321439,1
68.59393936,1
66.62695158,1
67.75427493,1
66.66782263,1
67.46664892,1
67.60322003,1
67.66040956,1
66.65714613,1
68.75283581,1
69.19079475,1
70.45646119,1
70.93982761,1
69.63003292,1
71.41526516,1
71.55056424,1
71.90106522,1
71.69673606,1
71.04065657,1
71.73045012,1
72.76664681,1
72.69643979,1
72.80547371,1
72.91975931,1
72.26792976,1
72.8555039,1
72.96351653,1
72.77608689,1
74.71764725,1
74.68157666,1
74.89547613,1
72.88724781,1
74.04983548,1
73.82712414,1
72.79875638,1
71.99918837,1
72.17190677,1
71.25158302,1
71.28680525,1
71.38988043,1
72.24634579,1
71.59644925,1
72.90837738,1
73.24145352,1
73.06605307,1
72.64709801,1
73.15343178,1
72.96232879,1
72.52813486,1
73.81719904,1
74.02874448,1
73.79102864,1
73.25605739,1
73.05358423,1
73.77224906,1
72.8998969,1
72.24385814,1
71.33933531,1
72.29793377,1
70.34516442,1
71.13949198,1
70.16453648,1
71.11202658,1
70.4874724,1
70.71749668,1
69.89570423,1
71.68790348,1
71.37615947,1
71.74150703,1
73.20729802,1
72.89029189,1
72.30341978,1
72.6912123,1
72.34201351,1
74.49429294,1
73.25501422,1
74.13004256,1
73.68325892,1
72.11340117,1
72.31138231,1
71.29385993,1
71.93404046,1
71.67908598,1
71.48141177,1
70.85357689,1
69.45647733,1
70.12965246,1
69.0248494,1
69.00810205,1
67.59898139,1
67.55493576,1
67.40273072,1
67.39032649,1
68.09580201,1
67.39266673,1
68.36226835,1
68.40469903,1
67.83621597,1
69.19489788,1
68.49088179,1
68.3374096,1
68.7698322,1
68.4357686,1
68.74846768,1
68.95527404,1
68.2181708,1
69.12993292,1
68.4385586,1
69.06796416,1
68.30227174,1
68.64631402,1
68.88148079,1
68.90088305,1
69.65328565,1
68.86754593,1
68.42564703,1
69.09581068,1
69.44780599,1
68.42082002,1
68.83199074,1
69.55729317,1
68.83137434,1
70.02835926,1
71.07058978,1
71.2893794,1
70.10090101,1
71.68557803,1
69.88814945,1
70.42523491,1
69.44404702,1
70.1451179,1
69.48543471,1
69.63115874,1
70.00727727,1
69.16183248,1
68.43812628,1
68.65276698,1
68.15293671,1
69.64474901,1
69.0369617,1
68.59565354,1
69.91779386,1
68.59944984,1
68.66763575,1
68.79732688,1
69.52728032,1
69.14499021,1
69.36640493,1
69.32436477,1
70.04079998,1
70.32088532,1
70.68643574,1
69.41778612,1
69.52225613,1
69.97825566,1
69.8468646,1
69.94587165,1
68.70555692,1
68.59229114,1
69.9367965,1
69.07467717,1
68.77459707,1
68.96774462,1
69.51423059,1
69.60984678,1
68.45901476,1
68.66205887,1
69.07470807,1
68.98798244,1
70.4512398,1
69.1587948,1
70.02852311,1
70.30112967,1
71.02701721,1
70.44438138,1
71.21079549,1
70.08097943,1
70.01900785,1
71.31684052,1
69.49194049,1
70.71476009,1
70.30901685,1
69.92749715,1
69.28252505,1
70.51499697,1
69.17037572,1
69.67300935,1
70.98686733,1
72.71037561,1
72.84618043,1
71.49931817,1
71.82884072,1
71.96846019,1
72.38205511,1
73.10852105,1
72.50710177,1
71.36822279,1
71.73373415,1
70.39800507,1
71.02329854,1
70.42861121,1
71.29850242,1
70.41391036,1
69.83300525,1
70.04073494,1
69.2952676,1
69.80497056,1
70.47845996,1
68.87983862,1
70.82988977,1
71.7612628,1
71.23686153,1
72.17708088,1
73.52407232,1
73.43257426,1
71.96142812,1
72.06857704,1
72.80742737,1
74.18072649,1
72.6407991,1
72.49329287,1
73.37279171,1
72.84631814,1
73.74634464,1
73.08950487,1
73.12797789,1
72.85145065,1
71.78459362,1
71.96428662,1
70.98315976,1
72.09370496,1
70.47875896,1
71.15613714,1
71.79613981,1
70.53267958,1
70.92408688,1
71.07714472,1
72.12801602,1
73.76239725,1
73.50455944,1
74.06381073,1
74.917338,1
74.48204982,1
74.83518922,1
74.56152098,1
74.74597341,1
73.95196621,1
74.73785827,1
73.40944252,1
74.09665445,1
74.24341181,1
72.4241878,1
73.53577955,1
72.8926379,1
74.20179708,1
73.82891751,1
74.96022554,1
74.70847211,1
74.94798282,1
74.83978917,1
74.700469,1
74.52571486,1
74.60880026,1
74.71020506,1
74.33666665,1
74.92352501,1
74.50037961,1
74.97423465,1
74.68662683,1
74.67127682,1
74.59539903,1
74.8586202,1
74.85664993,1
74.66467269,1
73.75869737,1
74.69866385,1
74.63334088,1
74.24988343,1
74.12097863,1
74.99673301,1
74.98612428,1
74.83290714,1
74.71510278,1
73.98772604,1
72.99713921,1
72.73963377,1
72.56210332,1
71.95415339,1
71.53772099,1
73.3846364,1
73.02911198,1
73.32056873,1
72.65757445,1
72.91058794,1
72.00144343,1
72.17948397,1
73.1368496,1
72.74243972,1
74.04314141,1
74.9362334,1
73.60819261,1
74.85510654,1
74.64847435,1
74.30749947,1
74.22020409,1
73.93927621,1
73.62134422,1
73.81914203,1
72.9684546,1
73.01285776,1
72.80505299,1
72.66330867,1
72.77940061,1
72.45267623,1
72.41013365,1
72.97620201,1
72.70599693,1
72.67329612,1
73.25471351,1
74.21758249,1
73.41679227,1
73.26801845,1
74.21654701,1
74.49963991,1
74.93839694,1
74.4859066,1
74.5249187,1
74.94497354,1
73.45479839,1
73.62753539,1
74.65356252,1
73.65569667,1
74.30833238,1
72.36883324,1
72.63029089,1
72.92216679,1
73.50841047,1
73.8940062,1
72.75520825,1
72.77342691,1
74.0173653,1
74.07999403,1
74.98348749,1
74.93166228,1
74.79545142,1
74.22649476,1
74.89181277,1
74.60615095,1
73.66657269,1
73.07467638,1
73.54096289,1
73.56748044,1
72.23943668,1
72.98971633,1
71.8624757,1
72.15907086,1
73.28710779,1
73.23267068,1
72.91831075,1
74.13951981,1
73.91840559,1
74.05658495,1
74.4819446,1
74.4794284,1
72.98303434,1
73.97904439,1
72.80960896,1
74.45908003,1
73.22449615,1
74.08849517,1
72.09427723,1
73.30412261,1
72.4922617,1
71.55592659,1
71.92880201,1
72.20455302,1
71.5729309,1
71.38455809,1
71.57838797,1
72.33092601,1
72.5020361,1
72.16890223,1
71.80124576,1
71.98653741,1
73.57829998,1
73.76993449,1
73.90520817,1
73.88052554,1
72.72460722,1
73.87825084,1
73.1538236,1
74.25507299,1
72.78303586,1
72.70043711,1
72.55484862,1
72.52805707,1
73.14618943,1
71.23182363,1
72.41740232,1
71.66301343,1
71.06682037,1
72.17174017,1
71.98736373,1
71.53260775,1
72.36545699,1
72.78437383,1
71.9729639,1
72.4644608,1
72.62455626,1
73.55532127,1
72.89143683,1
74.21730356,1
73.45611639,1
67.59220788,1
74.3959065,1
72.76152535,1
72.84667905,1
74.06782481,1
73.40328569,1
72.4928657,1
72.36963864,1
70.63012656,1
70.32611117,1
71.46025104,1
71.14590855,1
71.46817075,1
71.41876211,1
72.99363734,1
72.24666709,1
73.45167119,1
74.39956072,1
72.81416628,1
73.03240204,1
73.92938757,1
73.81507515,1
74.08455767,1
73.38180602,1
73.23701247,1
72.99037413,1
72.9901295,1
72.66562134,1
72.51950292,1
72.45390193,1
72.03998157,1
72.47195408,1
72.34968064,1
71.45220535,1
71.5574383,1
72.63790855,1
71.85849263,1
72.93395917,1
72.38591831,1
73.80702055,1
73.52710171,1
74.83471181,1
74.21326248,1
73.25223693,1
73.936282,1
73.04669143,1
73.0841783,1
74.19287354,1
73.41808921,1
74.12963911,1
73.46278565,1
73.62789649,1
71.92833946,1
72.26119661,1
71.47946165,1
72.63321496,1
72.24354039,1
71.57056509,1
72.2797028,1
73.01911793,1
71.61445258,1
71.26409105,1
71.75373049,1
72.57075359,1
71.7959401,1
71.53861613,1
70.90022339,1
71.73254786,1
71.7130903,1
72.76010528,1
72.84417558,1
71.99223058,1
71.70725001,1
71.71438532,1
72.55191183,1
71.03928043,1
71.46046414,1
71.99130446,1
71.45046564,1
71.51504432,1
70.99280008,1
71.34776909,1
70.72845843,1
70.27507626,1
70.27111929,1
70.85408914,1
69.94855497,1
69.53492069,1
70.92058525,1
70.99850582,1
71.05686947,1
72.14843798,1
71.45617637,1
73.27200083,1
71.80063059,1
73.01762667,1
72.12768954,1
73.33199587,1
73.21702132,1
72.41071376,1
72.12548765,1
73.03066312,1
71.54792939,1
72.74034991,1
71.35108732,1
71.40181091,1
72.12977881,1
72.31327617,1
71.50759292,1
73.42790189,1
74.33787739,1
73.42943331,1
72.6480075,1
74.48313565,1
73.37484563,1
74.54468294,1
74.91468608,1
74.48188759,1
73.21984661,1
73.46717767,1
73.43538257,1
74.11014418,1
74.0856674,1
74.43241463,1
74.304057,1
73.43146696,1
72.49383421,1
73.03216682,1
71.83335039,1
71.01856015,1
72.21563105,1
72.48771792,1
72.7382649,1
73.60978997,1
73.74620023,1
73.23713965,1
73.4530571,1
73.92328043,1
74.02490252,1
74.66865644,1
74.14984749,1
74.89985381,1
73.91031296,1
73.93275037,1
73.16148058,1
73.52562326,1
72.4748437,1
72.4950442,1
71.61991048,1
73.22943968,1
71.58909683,1
71.81584418,1
71.34809224,1
72.96869218,1
72.55053234,1
72.57797464,1
74.6953655,1
74.1296061,1
73.94533205,1
74.07901132,1
74.85789892,1
74.83838032,1
74.28973725,1
74.80605955,1
74.34735395,1
73.75813908,1
74.7295084,1
74.09558127,1
73.69135931,1
73.54196014,1
74.60746814,1
74.53993625,1
73.4168865,1
73.95852383,1
73.75006416,1
74.14389026,1
72.51791753,1
73.6608867,1
71.9987482,1
72.38400327,1
72.51858237,1
71.55343537,1
72.55778642,1
71.96670972,1
72.36781957,1
72.69666807,1
72.75559541,1
73.59062056,1
73.17199341,1
74.06972966,1
74.49830916,1
73.95696452,1
73.63058672,1
73.49661513,1
73.41067783,1
74.43789627,1
73.69728217,1
72.79073013,1
74.02303394,1
73.99547327,1
72.63698998,1
72.65022647,1
71.45778273,1
73.30880143,1
71.88486246,1
72.3666265,1
71.51972021,1
71.73511359,1
72.78641155,1
71.38856419,1
72.18526942,1
73.51448987,1
73.57199426,1
72.91075318,1
73.81514959,1
72.68504592,1
74.08911438,1
72.9589277,1
73.14610095,1
73.78917147,1
72.79764335,1
73.85796513,1
73.14750042,1
73.68655845,1
71.99772202,1
71.98066434,1
72.34138543,1
72.73493389,1
71.65669486,1
71.49563964,1
72.5480017,1
71.57221259,1
72.7741422,1
72.50897204,1
72.37165679,1
71.76151786,1
71.14297184,1
71.17422664,1
72.7253094,1
71.85317981,1
72.85663059,1
71.76247182,1
71.696357,1
70.92483713,1
71.43725419,1
72.136007,1
70.64687742,1
70.22032111,1
69.75235982,1
71.33829611,1
69.61769321,1
70.75591875,1
71.47646234,1
71.59381864,1
70.66816135,1
73.12430398,1
72.97024298,1
73.7416086,1
73.95406465,1
73.45808119,1
73.14484568,1
74.48764885,1
73.40434954,1
73.32924842,1
74.46460516,1
74.68612326,1
73.64400862,1
73.05155138,1
73.20917824,1
72.9686264,1
73.44971023,1
73.55495921,1
71.69592455,1
73.53646843,1
72.02971426,1
73.42081575,1
72.58490985,1
73.0300541,1
73.33546169,1
73.69525708,1
74.44248772,1
73.36288859,1
74.23441848,1
73.53614618,1
73.55358243,1
73.31606619,1
74.07121348,1
73.84322808,1
74.31880636,1
74.6158649,1
74.22361987,1
74.90183652,1
74.60288205,1
73.60468314,1
74.41600686,1
74.16088548,1
72.84884222,1
72.92107082,1
73.01604281,1
74.13143498,1
72.57848043,1
72.87188536,1
73.61682058,1
73.37016715,1
74.04450691,1
74.12361236,1
74.66328477,1
74.87355721,1
74.49878947,1
74.87398102,1
74.94194615,1
74.95842691,1
74.81300493,1
74.89355303,1
74.9636714,1
74.98121493,1
74.45643905,1
74.73560812,1
74.69915087,1
74.54298971,1
73.35219351,1
74.12383795,1
74.22554631,1
73.99079534,1
74.79507379,1
74.36531352,1
73.71769524,1
74.074138,1
74.84189513,1
73.95914727,1
74.04130502,1
74.56437617,1
73.29808803,1
73.53188681,1
73.87759563,1
74.87971926,1
74.1892936,1
74.4588194,1
73.60738959,1
74.41420743,1
74.765766,1
74.16291232,1
74.19468656,1
74.43225537,1
74.24359177,1
74.55720475,1
74.72805694,1
74.87732367,1
74.62446294,1
73.93894725,1
73.67042395,1
74.78394113,1
74.96366192,1
74.72851186,1
74.18157735,1
74.92685622,1
74.06821774,1
74.6063132,1
74.59934737,1
74.57257027,1
74.95083817,1
74.30202352,1
74.30126215,1
74.56143904,1
74.80702056,1
73.81540339,1
74.46177933,1
73.33340389,1
73.13844142,1
74.43327812,1
73.5542331,1
74.72110603,1
73.50877487,1
74.83946496,1
73.55614636,1
73.07126074,1
72.82584529,1
72.95550534,1
73.64826422,1
73.4784976,1
73.16790935,1
72.25990891,1
73.22695232,1
73.3657451,1
72.78698119,1
73.2313279,1
73.06305918,1
73.23528333,1
73.95548531,1
73.98859537,1
73.18927798,1
73.48796428,1
73.23741435,1
74.54367695,1
73.4308155,1
74.74891586,1
74.75362909,1
72.86175442,1
72.73720269,1
73.3559507,1
73.39759537,1
73.14595598,1
73.76092178,1
72.25168702,1
73.13205651,1
72.08360267,1
72.07368375,1
72.61268471,1
73.72321874,1
73.72849169,1
73.13296089,1
72.65494358,1
72.32299088,1
73.55015881,1
73.72223486,1
72.25297108,1
72.31541006,1
72.76195068,1
73.76142519,1
73.10583663,1
73.50193935,1
73.49132918,1
72.41669997,1
73.04263579,1
72.31388627,1
71.53125555,1
72.51297974,1
73.05072318,1
72.93039079,1
72.68112696,1
74.10651227,1
73.20678582,1
73.97883407,1
74.29101178,1
74.50642676,1
74.81087057,1
74.35723061,1
74.0184977,1
74.67643353,1
74.23187951,1
73.23464912,1
72.9246375,1
73.50042577,1
73.9103724,1
73.36473041,1
74.56847369,1
73.01626683,1
74.58986064,1
74.79361415,1
74.62816075,1
73.48499084,1
74.8357263,1
74.10748463,1
74.96947424,1
74.66135819,1
74.16500932,1
73.61945248,1
73.04705436,1
73.10898413,1
73.14571961,1
73.13454489,1
73.63776206,1
72.51683568,1
74.15631949,1
73.1693389,1
74.42966035,1
73.93593742,1
74.0165059,1
74.71810201,1
74.04154576,1
74.23765297,1
74.41627738,1
72.52116762,1
72.25396537,1
73.35919816,1
73.3005709,1
71.94989116,1
72.70754191,1
73.57919806,1
73.71447163,1
73.20962568,1
73.60901764,1
73.39056823,1
74.84991329,1
73.87313966,1
73.88685052,1
74.52795985,1
74.50517038,1
73.39054569,1
73.61502322,1
73.40129594,1
72.71904624,1
73.04163914,1
71.66850691,1
72.44293549,1
72.77424531,1
71.02651442,1
72.46122501,1
72.053069,1
71.4316494,1
73.5399011,1
73.32159625,1
74.17128378,1
73.44249817,1
73.8438933,1
74.32478195,1
74.33059913,1
74.50938842,1
74.18876225,1
73.26010958,1
72.71542581,1
72.91699629,1
72.72921375,1
72.00496338,1
72.91473652,1
72.22070042,1
72.19057869,1
72.75354149,1
70.85140062,1
72.60434778,1
72.2513124,1
72.44304869,1
71.82902242,1
72.13432831,1
72.28302117,1
70.87841589,1
70.5596423,1
71.49929374,1
70.91004612,1
71.52840484,1
71.62859496,1
72.74468133,1
71.59071961,1
72.53877392,1
72.67710054,1
72.51924339,1
72.53149628,1
71.57898299,1
72.42367877,1
71.48775583,1
71.06116079,1
70.32136308,1
71.8799218,1
72.01945706,1
71.02801335,1
70.32011267,1
70.43736052,1
70.71326074,1
71.29496969,1
71.19238211,1
70.76197992,1
71.97783594,1
71.93428932,1
70.92727189,1
70.69309796,1
72.26337995,1
71.59257385,1
72.78595446,1
72.51893435,1
71.86984301,1
72.26094927,1
71.49387364,1
71.34440084,1
71.45222531,1
71.07687116,1
70.85817442,1
70.94781553,1
70.27853073,1
69.32489169,1
70.20579203,1
70.38921093,1
71.97995521,1
71.09700465,1
73.01321007,1
72.74733169,1
72.53910037,1
73.35960207,1
72.84142418,1
74.43420638,1
74.6164561,1
74.22528903,1
74.42442215,1
73.14775012,1
73.69107041,1
74.03109935,1
73.46135999,1
72.49412233,1
73.09658152,1
73.46536527,1
72.80605916,1
71.59932742,1
72.73375635,1
73.27079545,1
72.32538482,1
71.96557762,1
72.50861543,1
72.20848244,1
73.98532747,1
73.77910642,1
73.74309124,1
74.52746945,1
74.48053719,1
73.87105555,1
73.59258353,1
73.54086694,1
74.60328237,1
73.53405054,1
73.18585771,1
74.73396876,1
74.00301199,1
74.25992091,1
74.89925956,1
74.95695549,1
74.99328121,1
74.88298612,1
74.7552888,1
74.96824419,1
74.38032373,1
74.51502775,1
74.28147702,1
74.9158214,1
74.73332116,1
74.57659907,1
74.86375645,1
74.72416427,1
74.40797403,1
74.12951939,1
74.33830078,1
73.1311034,1
73.7289254,1
73.47971521,1
73.55503441,1
73.21770574,1
74.8002409,1
74.02504086,1
74.55135899,1
74.83841776,1
74.78322701,1
74.93730171,1
74.9811996,1
74.90004537,1
74.45881512,1
74.98859321,1
74.80551896,1
74.37725744,1
73.23877045,1
74.57228705,1
73.61937989,1
73.62510552,1
73.89538449,1
73.97705688,1
73.49598319,1
74.480482,1
74.05324671,1
72.99508362,1
74.06252472,1
74.31310832,1
73.86600895,1
74.72618679,1
74.87409105,1
73.85862031,1
74.35243191,1
73.22576335,1
73.89709736,1
73.45107827,1
74.28662864,1
73.11935916,1
73.61847392,1
73.95085216,1
73.81302278,1
74.47090026,1
73.99949512,1
74.01073568,1
74.48269327,1
74.99975789,1
74.91884001,1
74.91899343,1
74.96455081,1
73.92706103,1
74.79903613,1
73.3751018,1
73.59611961,1
73.62927662,1
74.00708949,1
73.65766251,1
74.67360854,1
74.61358909,1
74.491203,1
74.51443263,1
74.81803517,1
73.83422894,1
74.80800635,1
74.2813275,1
74.27644123,1
74.14545793,1
74.83272443,1
74.98788383,1
74.8667481,1
74.98800103,1
74.91135143,1
74.98413324,1
74.7109802,1
74.87224431,1
74.89586951,1
74.50186087,1
74.80732462,1
73.08595318,1
73.80861958,1
73.38120847,1
74.42042248,1
74.90652388,1
74.082068,1
74.20052806,1
74.67382574,1
74.65542741,1
74.67489567,1
74.8350368,1
74.36103377,1
74.70868339,1
73.83262026,1
73.70124329,1
73.63678504,1
73.41637369,1
73.80197277,1
73.97767514,1
74.83469243,1
74.97139121,1
73.77486044,1
73.87999867,1
74.21052551,1
74.06782191,1
74.70819726,1
74.00072839,1
74.0555797,1
74.61075053,1
74.9409507,1
74.29941509,1
74.3062439,1
74.87807236,1
74.80440567,1
74.52998721,1
74.90420227,1
74.16669948,1
73.80445232,1
74.47552074,1
74.92143663,1
74.9575668,1
74.6801398,1
74.82785613,1
74.52306854,1
74.15590675,1
74.7545796,1
74.52277912,1
74.22414092,1
74.80675596,1
74.76370837,1
74.52201927,1
74.64224735,1
74.36953798,1
74.93759126,1
74.37191177,1
74.73159262,1
74.40147509,1
74.9962055,1
74.39856404,1
74.28786598,1
73.93566312,1
74.13405397,1
74.18672976,1
74.17864554,1
72.37641122,1
73.10689581,1
73.18092841,1
72.4431114,1
73.61399348,1
73.50101128,1
72.3008609,1
72.34904296,1
72.21993949,1
73.2791445,1
73.29098671,1
73.02860249,1
73.73807814,1
73.96940648,1
73.87529271,1
74.12690095,1
74.54068596,1
74.58730262,1
73.27195908,1
73.90958789,1
74.1270589,1
73.64989009,1
73.12019765,1
72.94981371,1
72.63017091,1
72.71613838,1
72.71722481,1
73.73304064,1
72.67712283,1
73.64547544,1
72.30699831,1
72.64327782,1
72.70649962,1
74.00551,1
73.59150747,1
74.36327747,1
73.43398151,1
73.34037954,1
72.49370372,1
73.36328308,1
73.75270216,1
74.07760056,1
74.13267133,1
73.55944399,1
72.82256754,1
72.55823579,1
72.94645319,1
73.85665686,1
72.43060965,1
73.64939159,1
72.18117166,1
72.68621701,1
73.38138872,1
72.59355339,1
73.08965494,1
72.1523524,1
74.58666641,1
74.62411392,1
74.99496694,1
74.84177433,1
74.96166134,1
74.99070572,1
74.54696679,1
74.58234736,1
73.27790479,1
73.75848662,1
73.72426779,1
73.40027014,1
74.42141665,1
74.09206973,1
74.54095745,1
73.99051999,1
74.25959878,1
74.06537538,1
73.497738,1
74.40930673,1
73.53465219,1
74.01325297,1
74.65517361,1
73.8025252,1
73.47288405,1
74.39571525,1
74.29673142,1
74.5128894,1
74.98113099,1
74.42758116,1
74.07682949,1
74.84695927,1
74.35760136,1
74.39803827,1
74.02252097,1
74.56358368,1
74.69963645,1
74.76111351,1
74.67369137,1
74.40000215,1
74.806774,1
74.56981993,1
74.55990289,1
74.70972542,1
74.99922907,1
74.90139316,1
74.02325849,1
74.98321538,1
74.94672097,1
73.86675878,1
73.71014444,1
74.90952525,1
74.84580286,1
74.74889536,1
74.24349947,1
74.92850291,1
74.71455759,1
74.60550738,1
74.39944531,1
74.93700505,1
74.62630625,1
74.52466577,1
74.99300208,1
74.8451182,1
74.95772326,1
74.33460196,1
73.97549299,1
73.77993441,1
74.11605842,1
74.87521094,1
74.76067835,1
74.8480328,1
74.94556814,1
73.93952186,1
74.72379503,1
74.41912965,1
73.57769606,1
73.39289962,1
73.40029958,1
73.15702733,1
73.14839463,1
73.56870109,1
74.24132001,1
73.74719451,1
74.35316083,1
73.2440553,1
74.52607513,1
72.70071992,1
72.55197957,1
72.76263888,1
74.03023695,1
72.1040175,1
72.46775852,1
72.42871912,1
72.52468151,1
73.11919307,1
72.88771617,1
73.79287601,1
72.8959554,1
73.45337227,1
74.06806234,1
74.98886104,1
74.59213146,1
74.133984,1
74.63891988,1
74.84522321,1
74.99541401,1
73.95833504,1
73.91074857,1
73.56416169,1
73.94257293,1
73.32290889,1
73.93627585,1
74.19905101,1
72.79990441,1
74.06666139,1
74.44944008,1
74.62982839,1
73.89403209,1
74.9532114,1
74.85663,1
74.31605939,1
73.80836459,1
74.6479519,1
73.66916292,1
73.35199946,1
73.97781018,1
74.35526471,1
73.95431726,1
73.80845391,1
73.97871909,1
72.86942158,1
74.94885797,1
74.74238142,1
74.66350681,1
74.41156835,1
74.73751944,1
74.54551289,1
73.71800848,1
73.64882122,1
74.84681716,1
73.4509252,1
74.87858197,1
74.74808979,1
74.36531581,1
74.17844994,1
74.32707278,1
73.04205499,1
73.88036889,1
74.0674736,1
73.85181753,1
73.52105745,1
74.70772724,1
74.98527003,1
74.9606503,1
73.55344265,1
73.99107759,1
74.84672677,1
74.36771562,1
74.87882442,1
74.69714713,1
74.10948331,1
74.63482711,1
73.51138733,1
73.12606794,1
74.01271456,1
73.86542453,1
73.89712719,1
74.03537465,1
73.72201999,1
72.66948077,1
72.50391252,1
73.95811461,1
74.01521745,1
74.01596603,1
74.68720578,1
73.90081676,1
74.73933733,1
73.74171083,1
74.46143239,1
73.4840964,1
73.03863545,1
74.07519737,1
72.93006063,1
73.18888994,1
73.95558633,1
74.86435121,1
74.23671001,1
74.30239478,1
74.59790374,1
73.58871356,1
73.01315859,1
72.58458265,1
73.95143473,1
73.97461465,1
74.56884896,1
74.85866283,1
74.84655904,1
74.60828148,1
74.76757914,1
74.32699919,1
72.97529237,1
73.30416843,1
73.38232286,1
74.58791578,1
72.9067279,1
74.15335692,1
74.15977548,1
74.94602944,1
74.36597865,1
73.94180609,1
74.33106778,1
74.87396446,1
73.3379579,1
72.80256039,1
73.66597073,1
73.87172516,1
73.27324959,1
72.72014324,1
74.17992104,1
74.15880306,1
74.53134496,1
74.44982256,1
74.38931293,1
74.69809723,1
74.45343886,1
74.67691315,1
73.41217429,1
72.83454005,1
73.5939262,1
72.76406621,1
72.68778157,1
73.37875182,1
72.06183623,1
72.86400869,1
74.31198445,1
73.92421104,1
73.6834725,1
73.71034271,1
73.515123,1
74.65384045,1
74.59773769,1
74.96277198,1
74.62437982,1
73.58807814,1
74.27463197,1
73.46593712,1
73.37697331,1
74.28679774,1
74.60507656,1
73.56215036,1
74.11232577,1
73.97053959,1
72.77785049,1
72.57867332,1
73.50341351,1
73.17997554,1
73.07969608,1
72.86778282,1
72.97978227,1
72.06864306,1
73.46915696,1
72.73501198,1
73.06122541,1
73.9831845,1
74.44162889,1
74.04541228,1
74.99423532,1
74.45046834,1
73.60403299,1
73.44321638,1
73.43418914,1
73.23859587,1
73.7150373,1
73.89335646,1
73.87424506,1
72.96073809,1
72.6111345,1
71.38831163,1
72.09667227,1
72.43175322,1
73.43453663,1
71.85172628,1
73.33181218,1
73.98179005,1
74.84669634,1
74.25000295,1
74.76520353,1
74.88412726,1
74.70121296,1
73.93681762,1
74.25651103,1
73.57337828,1
72.94924405,1
73.73581362,1
73.57616849,1
73.09497078,1
74.97348441,1
74.48410538,1
74.37005879,1
74.89437525,1
74.81338988,1
74.14574816,1
74.86999088,1
73.74854939,1
74.07036021,1
74.04524108,1
74.05595233,1
74.2393244,1
73.90532239,1
73.53187021,1
73.96226531,1
73.20525326,1
74.60467618,1
74.24149076,1
74.40222479,1
74.19210633,1
74.96873237,1
74.28022956,1
72.97203667,1
72.675118,1
73.47639463,1
73.39614473,1
72.10091024,1
71.8777649,1
72.55737568,1
72.98505223,1
73.73262672,1
72.69930722,1
73.01882828,1
72.80921712,1
73.65716599,1
74.68008894,1
74.65383035,1
73.90375633,1
74.95962081,1
74.72151271,1
74.81221712,1
74.11805047,1
73.08506057,1
73.71635914,1
72.75477351,1
73.069794,1
73.43277483,1
72.12848145,1
72.30633866,1
72.55350882,1
72.43365278,1
72.1602883,1
71.87997676,1
72.30469043,1
72.90140272,1
73.52178365,1
74.33549357,1
74.07597525,1
74.560063,1
74.52753611,1
73.7168956,1
73.90866358,1
74.09748437,1
73.87374575,1
73.74883976,1
72.9320447,1
73.49330934,1
73.66155176,1
73.62855627,1
73.16522286,1
72.7479508,1
73.56592026,1
71.75263157,1
73.18039611,1
73.92384,1
73.80439905,1
73.73073979,1
73.80911621,1
73.53212237,1
73.33607329,1
73.1043253,1
74.10360046,1
73.78519774,1
71.71663594,1
72.13397159,1
71.51253422,1
72.46607477,1
70.94402108,1
72.61890668,1
70.73076574,1
72.48740311,1
70.83079397,1
71.04843529,1
70.71591042,1
70.79152507,1
70.65705161,1
71.61997893,1
71.01293809,1
71.73672317,1
72.73172553,1
71.46886416,1
71.86085423,1
73.11208905,1
72.20025328,1
72.23507842,1
72.0287567,1
71.82552414,1
72.33922968,1
71.85635252,1
70.5453744,1
70.37989579,1
70.37604173,1
70.77914323,1
70.19317971,1
70.24674398,1
71.35010374,1
69.99332028,1
71.14020035,1
69.67929351,1
69.35287097,1
70.07391138,1
70.16723295,1
70.29923518,1
70.53565511,1
71.79430755,1
71.82889986,1
72.54095975,1
71.58480523,1
73.13032124,1
72.19137711,1
72.69299224,1
72.52594748,1
72.1202739,1
71.63100933,1
72.32810907,1
71.35093709,1
72.35543488,1
72.9372165,1
71.70966262,1
72.032484,1
72.49053701,1
71.89054985,1
71.26701803,1
74.46663598,1
72.22220945,1
73.72378953,1
73.22172217,1
73.98717586,1
73.03814208,1
73.32673418,1
74.66952758,1
74.79814747,1
73.00862053,1
72.03939489,1
72.84926503,1
72.21653075,1
72.82207234,1
72.13937972,1
71.41855654,1
72.13106037,1
70.30742259,1
71.29753092,1
70.73465105,1
70.97773483,1
71.29569485,1
70.86865163,1
71.13147563,1
71.26149539,1
71.94856019,1
73.39954311,1
72.71250801,1
72.77672232,1
72.35599271,1
73.15618385,1
73.63572063,1
72.21822025,1
73.09245779,1
72.11831496,1
71.42071144,1
70.56138073,1
71.67378573,1
70.69482748,1
71.05763613,1
69.64124933,1
69.98065226,1
69.64774646,1
68.90916513,1
68.87238795,1
69.78818855,1
71.12277947,1
69.26547487,1
69.4026087,1
70.83920046,1
69.3426551,1
70.48650218,1
71.05859214,1
72.61395853,1
72.86434604,1
72.37767629,1
71.96930019,1
70.34552908,1
70.14337141,1
69.65669593,1
70.78838358,1
69.51059999,1
70.31048879,1
68.33312277,1
69.11285507,1
68.36206502,1
70.00255638,1
69.84002555,1
70.8745921,1
69.71342166,1
70.57222326,1
71.52531104,1
72.153684,1
71.81595951,1
72.36544447,1
72.4569589,1
74.33983452,1
72.53925557,1
73.62854553,1
74.16754767,1
72.13192721,1
72.59170057,1
73.23535767,1
71.19719727,1
72.61891747,1
70.88976393,1
71.45727319,1
70.03927892,1
71.2807113,1
70.26626228,1
70.99283914,1
72.32981714,1
73.1103692,1
71.65932377,1
71.69114293,1
73.06636241,1
72.80727072,1
73.03538763,1
74.79646198,1
74.73596869,1
74.52413086,1
74.97912619,1
73.94071425,1
74.6188033,1
74.59156686,1
73.28286835,1
74.00350054,1
72.69543879,1
71.81722439,1
71.22178031,1
70.71015231,1
71.85774564,1
72.71240816,1
70.8336897,1
70.79616568,1
71.21849014,1
70.71605474,1
70.86097936,1
70.84299733,1
71.92974532,1
71.79294961,1
71.10245254,1
71.47578673,1
73.06019458,1
71.57960823,1
72.00120605,1
71.53750218,1
71.07065184,1
70.44906285,1
71.26135473,1
71.33996454,1
71.30097322,1
69.9892031,1
70.48431814,1
70.00301726,1
70.80399895,1
69.16903154,1
70.23674187,1
70.13354079,1
70.15141027,1
69.00452108,1
69.71760276,1
70.12305221,1
69.76208503,1
69.90676189,1
70.43625119,1
71.23295217,1
71.99986698,1
72.88904636,1
72.65424564,1
71.64446397,1
72.49652262,1
72.19594917,1
71.27499667,1
71.54927665,1
71.37741336,1
70.96126394,1
70.86526769,1
69.51742692,1
70.23699729,1
70.25478592,1
69.54660274,1
71.28535022,1
71.76620383,1
73.1581291,1
72.81950243,1
73.94357122,1
73.31051239,1
73.79603192,1
74.03478298,1
74.89001392,1
74.20342727,1
74.35480145,1
73.90516246,1
74.27115536,1
72.8397784,1
72.75240643,1
72.3249246,1
73.52854801,1
72.4911934,1
72.27198579,1
71.4871934,1
72.12293771,1
72.29360612,1
72.86539996,1
71.36774996,1
73.26391824,1
73.68072512,1
72.61150204,1
73.07639687,1
74.24530254,1
74.49700643,1
74.47440675,1
74.34991774,1
73.98990175,1
73.49337021,1
74.69248458,1
72.92171344,1
73.9381704,1
73.26932063,1
72.89486303,1
71.82789886,1
71.50326635,1
72.43797863,1
71.49212101,1
71.97523749,1
72.25395073,1
72.56517449,1
71.83775883,1
73.44242506,1
74.27947284,1
72.99596329,1
74.10552743,1
73.61788608,1
73.31701516,1
73.01174645,1
74.31390131,1
73.22819982,1
73.72890646,1
72.94723977,1
73.8378393,1
72.12373833,1
72.04284098,1
72.25186859,1
73.09282493,1
71.36865067,1
71.49960342,1
70.32354612,1
70.39520632,1
71.16626768,1
70.02861579,1
71.96241743,1
72.38074162,1
71.76366871,1
71.43442294,1
72.96389766,1
72.4056389,1
73.24319119,1
74.49209885,1
74.47855616,1
73.97881601,1
74.2503925,1
73.65281821,1
73.5566298,1
74.55125277,1
73.17815807,1
73.99622426,1
72.16705646,1
72.45023357,1
73.06302806,1
72.0095,1
71.80741665,1
71.04467432,1
71.97005629,1
72.90941163,1
72.17063774,1
73.06947938,1
73.0341092,1
73.80953945,1
74.31038278,1
73.68024234,1
74.41363078,1
74.41119626,1
73.72231831,1
73.956886,1
74.57015739,1
74.38656607,1
73.40422925,1
74.70798308,1
74.45851269,1
73.61811087,1
72.61189448,1
72.51799386,1
72.23863682,1
72.24960786,1
72.36965218,1
73.01194094,1
71.62813647,1
73.08187593,1
72.56747177,1
72.40514197,1
71.49508201,1
72.94715866,1
72.921265,1
73.01400553,1
72.79306485,1
72.85442183,1
71.65525912,1
72.67823919,1
71.2439398,1
72.55938056,1
72.05872252,1
70.76837988,1
72.2572247,1
70.78523809,1
70.62316491,1
69.95124246,1
69.93090011,1
70.59418428,1
70.22278152,1
70.96283441,1
69.80899995,1
70.54885559,1
69.93109781,1
69.51149457,1
69.65236836,1
70.29518506,1
71.62899935,1
70.19075454,1
70.75169665,1
70.81184472,1
72.25826358,1
71.2385615,1
71.58482682,1
72.05545689,1
70.68437859,1
71.74562272,1
70.63016123,1
70.10605477,1
69.15085681,1
70.53897933,1
69.75848063,1
69.0311664,1
69.97462923,1
70.99730927,1
71.81090729,1
71.22813976,1
73.54807891,1
73.1994691,1
72.48376476,1
73.27048296,1
72.63291885,1
73.04230204,1
73.59851179,1
73.94426246,1
72.2437943,1
72.89933674,1
73.3069622,1
73.94052267,1
72.92628635,1
72.67838417,1
73.30959938,1
73.02655382,1
72.29872004,1
71.88552448,1
72.40495323,1
72.02464429,1
72.19614083,1
72.60597358,1
72.39294669,1
71.43716569,1
73.99604465,1
73.50943035,1
73.45291204,1
72.83513404,1
73.94819798,1
72.4788448,1
72.83570362,1
73.99025826,1
72.88226906,1
73.27645109,1
74.02768967,1
73.89558413,1
72.59262336,1
71.72471476,1
72.13704935,1
71.67420314,1
70.80216066,1
71.79116991,1
70.1415103,1
71.38580367,1
70.1927803,1
71.5312254,1
70.74462709,1
71.60956249,1
72.63429747,1
72.72337319,1
73.61530291,1
73.79199341,1
74.02452744,1
73.33443313,1
73.77239947,1
74.18795723,1
72.73057539,1
73.0460628,1
72.61851266,1
73.63047725,1
71.8609026,1
73.39534945,1
72.5265888,1
72.50012423,1
70.9921352,1
70.68379403,1
70.92225816,1
71.06859469,1
70.50557416,1
72.40911188,1
71.18403064,1
72.27270943,1
72.11898377,1
74.22012096,1
74.14513886,1
72.57257271,1
73.9980464,1
73.6350508,1
74.18442393,1
74.01379528,1
73.31100848,1
73.2449359,1
73.63799953,1
74.22768593,1
73.25438431,1
73.33046811,1
73.61255907,1
72.97745167,1
71.89748993,1
72.9483533,1
70.81534967,1
72.54651585,1
71.6016416,1
71.38492873,1
72.63654073,1
72.26304553,1
73.08441684,1
72.98119162,1
73.44090643,1
73.67536027,1
73.57106999,1
74.01718788,1
74.75368514,1
74.06098855,1
73.64913399,1
72.97725908,1
74.31242165,1
73.36846791,1
73.40601581,1
71.88177019,1
72.16843891,1
72.02037785,1
71.46429845,1
70.13150262,1
71.3592175,1
71.52512352,1
71.20384956,1
70.74443864,1
70.44676548,1
69.73276669,1
69.16754481,1
68.61762076,1
68.2700207,1
68.32512358,1
68.00591358,1
67.6951857,1
67.66314846,1
68.83888277,1
67.71317938,1
68.16526105,1
67.74392032,1
66.91077531,1
67.67449688,1
67.30731382,1
67.90404578,1
66.9816318,1
67.36349977,1
66.85608572,1
66.82867178,1
65.9175334,1
65.85412004,1
66.57327898,1
66.93439295,1
65.95981552,1
65.5256702,1
65.00654684,1
65.86116824,1
66.24895835,1
65.69994977,1
65.11922166,1
65.06927583,1
65.16381523,1
66.17891449,1
65.64161252,1
65.78667951,1
65.26018668,1
66.52420616,1
68.3216973,1
69.51920746,1
70.41798643,1
69.85636686,1
70.50368788,1
71.55722128,1
72.2140082,1
72.23486752,1
72.30190595,1
71.38697638,1
71.71658422,1
70.60328489,1
70.70527374,1
69.37279327,1
69.26929995,1
68.33325827,1
68.26287644,1
68.58490764,1
67.91159536,1
67.02506652,1
66.65870493,1
68.35154455,1
67.47621403,1
69.77932913,1
69.15476006,1
71.2527348,1
70.75971585,1
72.72805852,1
71.57641906,1
71.53146856,1
72.43892738,1
72.51358476,1
73.04307154,1
72.01489481,1
72.03402933,1
71.36277817,1
70.22442557,1
71.04606096,1
70.29642466,1
69.67691329,1
68.59571214,1
69.32304528,1
69.67748164,1
68.7353527,1
68.35921937,1
68.72795161,1
68.99210194,1
70.19905465,1
69.97929042,1
71.22263248,1
71.68970302,1
71.30018987,1
71.27840683,1
71.89062285,1
70.7418569,1
72.45036867,1
71.32687587,1
71.4173746,1
72.27479477,1
70.60398854,1
71.26949942,1
70.11901901,1
70.71862637,1
70.01345997,1
70.36792895,1
70.25181505,1
70.06343925,1
69.51877722,1
69.51143689,1
69.28431029,1
70.02917117,1
69.77788948,1
70.64429563,1
72.09907213,1
72.55900491,1
72.48953325,1
72.02762569,1
72.56107268,1
72.29252772,1
72.14536417,1
73.17633192,1
72.09881309,1
73.03183616,1
73.4095494,1
73.61055026,1
73.22469023,1
72.77238923,1
71.77678685,1
71.39870017,1
72.01672718,1
71.71709105,1
71.89082404,1
71.79162775,1
71.73870688,1
70.86190335,1
71.69377098,1
72.24965305,1
71.86440398,1
71.71570293,1
73.11333987,1
73.11595078,1
71.98594655,1
71.77056727,1
72.69503008,1
72.9710107,1
72.4740122,1
73.52059659,1
72.43691661,1
72.18066282,1
71.32459195,1
71.85583639,1
71.88074888,1
72.15361442,1
71.17776846,1
71.41359324,1
71.75202769,1
72.29547661,1
72.06697006,1
70.50858274,1
70.18441596,1
71.29025253,1
70.2364789,1
70.42527414,1
70.62841849,1
71.29022977,1
70.83192557,1
71.13549561,1
70.83738869,1
70.83849743,1
70.93245308,1
70.27290872,1
70.58817206,1
70.24057965,1
70.80419,1
69.80143685,1
69.31283198,1
69.35668517,1
69.1339621,1
70.44526682,1
70.20928733,1
69.93524085,1
69.29629038,1
68.45718549,1
69.36682524,1
69.78440146,1
70.05047118,1
69.94616047,1
69.58663804,1
69.26826291,1
70.67206672,1
69.7713675,1
70.36000475,1
71.229006,1
71.01855228,1
71.67436488,1
71.98920306,1
71.41241783,1
70.21304108,1
70.46941197,1
71.81875355,1
70.75726396,1
70.35054453,1
71.46188706,1
70.98973616,1
69.85618346,1
70.33833311,1
70.64534116,1
71.59340431,1
72.81269719,1
71.4608208,1
72.85545543,1
73.05311023,1
73.92592685,1
74.95996905,1
74.81028192,1
73.54824379,1
73.30253287,1
74.89976587,1
74.93152766,1
73.08132323,1
74.38609616,1
73.555717,1
72.43144467,1
73.01942581,1
72.1483262,1
72.8103996,1
72.69220185,1
72.93948367,1
72.10962389,1
73.58615695,1
72.55872059,1
73.58393306,1
72.67472192,1
73.6832062,1
74.65712512,1
74.81826612,1
74.75955931,1
74.82300241,1
73.73854426,1
74.52699276,1
74.22793271,1
73.43795586,1
73.07056291,1
72.2732496,1
71.51947436,1
71.63920884,1
72.10054496,1
72.35798657,1
71.52260473,1
70.96393378,1
72.58154764,1
72.58419551,1
72.36171361,1
72.42998458,1
71.75716944,1
73.07326185,1
72.75507065,1
72.5752305,1
73.48040164,1
72.81148014,1
72.55668889,1
72.85158523,1
73.26970533,1
71.19146991,1
72.08289113,1
71.96350659,1
71.82605361,1
70.82030946,1
69.42550165,1
69.92242421,1
69.31438143,1
70.76033757,1
70.97100633,1
70.17113554,1
70.71432592,1
71.921708,1
72.0037581,1
71.78458459,1
72.65555112,1
72.58009757,1
73.0506489,1
74.54039587,1
74.27894519,1
74.26208079,1
73.23807909,1
73.87025742,1
73.43235603,1
72.37198523,1
73.92808884,1
73.25719839,1
72.53001535,1
71.63872957,1
72.28002048,1
71.72196102,1
70.39334093,1
70.10964532,1
70.65823648,1
71.51087208,1
72.44637778,1
71.51568524,1
72.7279092,1
72.29771123,1
71.52876516,1
72.59605592,1
72.01554663,1
72.97598217,1
71.20551,1
72.52524715,1
72.49802968,1
72.6226827,1
71.39694912,1
70.29320788,1
70.10398202,1
70.02121361,1
70.2777794,1
68.76433592,1
69.37923216,1
67.78520256,1
68.49976639,1
66.66557183,1
66.92889456,1
65.80440933,1
66.89565828,1
66.20627379,1
65.62264979,1
66.38603358,1
66.57722161,1
67.22633566,1
66.59760208,1
67.12154486,1
65.97349626,1
66.84503091,1
66.34569414,1
65.0483089,1
65.36668131,1
65.00628144,1
65.10276279,1
66.44422198,1
66.67119237,1
68.20387067,1
67.993777,1
68.82246666,1
69.83201105,1
70.41675915,1
69.67662317,1
69.75960523,1
70.63902199,1
71.26261117,1
70.379911,1
68.99746538,1
67.80571471,1
68.65145086,1
67.3954395,1
67.04867326,1
66.58482439,1
65.50344586,1
65.72809278,1
65.71347736,1
66.21746488,1
67.3270938,1
67.62303328,1
68.08086803,1
68.72680885,1
70.45355378,1
70.06613398,1
69.97752106,1
70.4927163,1
71.61681198,1
70.29198332,1
71.67066391,1
70.70533885,1
70.4300817,1
69.29157767,1
69.34063822,1
70.38420092,1
69.63034413,1
69.0398113,1
67.76196134,1
67.67675741,1
68.86005963,1
67.57048842,1
68.46335363,1
69.29349205,1
68.01547296,1
68.10090635,1
68.12754514,1
70.01662351,1
70.25863434,1
71.09608996,1
71.50280303,1
71.42488612,1
72.71167276,1
71.59459113,1
72.43328872,1
71.48709146,1
71.99469951,1
71.35471229,1
70.39110149,1
69.43812495,1
70.2584932,1
69.67190229,1
68.22337002,1
68.80799396,1
68.03247815,1
67.80972606,1
66.40552502,1
67.83509944,1
65.97248106,1
66.31911328,1
66.29172592,1
66.46979301,1
67.19727082,1
67.26610171,1
66.58963271,1
66.13565431,1
67.45824979,1
67.08281943,1
66.60154522,1
66.14435074,1
65.70970149,1
65.72663154,1
65.58931781,1
65.82957452,1
65.66945407,1
66.74519744,1
66.8847862,1
67.39191825,1
66.3784179,1
67.24728902,1
68.80478948,1
67.78706753,1
67.6234333,1
68.13243751,1
68.35249809,1
68.76098726,1
68.27847874,1
67.18038204,1
66.54164375,1
67.01120528,1
66.64272086,1
65.06151932,1
65.17996189,1
65.55120828,1
65.27563058,1
65.15421592,1
65.7786958,1
66.00473119,1
65.12337382,1
66.57607623,1
65.02660446,1
65.67719536,1
65.24741305,1
65.41542891,1
65.21301797,1
65.36263572,1
67.68834829,1
66.78938507,1
67.4030453,1
69.22223465,1
68.72906724,1
69.43623743,1
70.2580918,1
70.25948981,1
70.60726748,1
70.2063059,1
69.81033474,1
68.24486669,1
68.10978258,1
67.63116079,1
68.12898944,1
66.93579537,1
67.28183681,1
67.12842156,1
65.79175844,1
65.13144669,1
66.1775294,1
66.51384686,1
66.52764863,1
67.78500622,1
69.36668186,1
71.10686192,1
71.34507296,1
71.63930695,1
70.36000942,1
71.98604698,1
71.66471114,1
72.72998288,1
72.17540433,1
71.92709502,1
70.85195269,1
69.01463509,1
68.49462169,1
67.48580392,1
68.07698894,1
68.23106386,1
67.01328165,1
67.1861175,1
65.92239173,1
66.38206209,1
66.46286064,1
68.24047875,1
68.02786863,1
70.1038357,1
70.22659164,1
71.37680632,1
70.67512681,1
70.46297529,1
71.28157524,1
71.0559388,1
71.70627229,1
72.17357465,1
71.84544009,1
71.17415427,1
71.43730024,1
71.00435876,1
71.1510194,1
69.55935905,1
69.6460687,1
69.7364644,1
68.79399824,1
69.72507825,1
69.23149065,1
67.21438079,1
68.75934959,1
69.27054515,1
69.90997802,1
69.07299661,1
70.97799327,1
70.81341304,1
69.80737543,1
70.50417147,1
71.00976364,1
71.64484062,1
71.60940441,1
71.17635266,1
70.46962717,1
70.50548628,1
70.62289581,1
71.69910104,1
70.73907743,1
69.02175496,1
68.78503059,1
69.22496356,1
67.87748709,1
67.29471566,1
67.28621294,1
66.7890731,1
67.50432318,1
67.79009858,1
69.87567,1
70.21520038,1
71.18656942,1
71.67624154,1
71.22363341,1
70.43924193,1
70.36288978,1
70.79729744,1
70.23646361,1
71.73164608,1
70.94221602,1
70.53918108,1
70.54767727,1
70.90770815,1
69.78682182,1
70.91189536,1
70.07406754,1
69.59586543,1
69.60260984,1
68.27877452,1
69.45619825,1
68.44995951,1
69.73862286,1
68.94209701,1
68.18149599,1
68.76664235,1
67.45815017,1
67.66257636,1
67.77115437,1
67.69510921,1
68.11376092,1
68.40917826,1
68.68576669,1
68.70780771,1
68.52816028,1
67.29328776,1
67.71998071,1
66.43501296,1
67.6421382,1
67.50558169,1
66.63507662,1
66.03094617,1
66.85659507,1
65.17315838,1
65.21746396,1
66.28285507,1
65.42152866,1
66.04123541,1
67.6714638,1
68.92351552,1
67.95417072,1
69.769521,1
70.24593681,1
69.82130302,1
70.83974955,1
70.51174374,1
71.02364643,1
68.7052537,1
68.11165389,1
68.1166531,1
67.21496653,1
67.06224246,1
67.30972126,1
66.69399198,1
65.70506463,1
65.77618074,1
67.40523118,1
68.71941661,1
69.61966828,1
70.27366665,1
70.56337429,1
70.67077922,1
72.26734255,1
70.62328355,1
71.06334712,1
71.65028164,1
71.77769312,1
70.059985,1
70.75799228,1
69.98433493,1
68.84969949,1
69.74606796,1
69.53952356,1
67.523201,1
67.37990329,1
67.4174784,1
65.93843117,1
66.82475179,1
67.27135893,1
67.13357776,1
68.52772342,1
68.55982584,1
68.81377025,1
70.36173769,1
71.70237934,1
72.13491131,1
72.18835193,1
71.92595429,1
71.92725603,1
71.54807344,1
70.49187639,1
71.48653484,1
70.20635388,1
69.49279694,1
68.9205068,1
68.33056564,1
68.82533073,1
68.84005375,1
68.31437625,1
66.64807821,1
66.34454369,1
66.17310237,1
66.74208658,1
68.01627433,1
68.9208697,1
70.1290524,1
70.85226597,1
70.66374179,1
70.4602105,1
70.72339624,1
71.44960721,1
72.70811888,1
72.77820708,1
71.29761709,1
71.33906347,1
72.43172383,1
70.68626447,1
70.90794649,1
69.22547767,1
69.59225848,1
69.23210541,1
68.15528042,1
66.91203197,1
67.71558241,1
66.33452731,1
66.34030271,1
66.1824594,1
66.26386,1
68.22384891,1
69.16427797,1
69.10930036,1
70.81803261,1
70.01676069,1
70.90161589,1
71.64555322,1
71.70339358,1
71.27680445,1
70.63130618,1
70.97130269,1
71.71353903,1
69.9054085,1
69.66400387,1
69.16838511,1
69.69722981,1
69.15682991,1
68.72517924,1
68.35990386,1
67.18127785,1
67.94571484,1
66.71803036,1
65.66712074,1
66.84586991,1
66.29208118,1
66.88373267,1
65.19948254,1
65.5821055,1
66.22315748,1
65.55529857,1
65.33285671,1
65.11150875,1
65.33899224,1
65.61427437,1
65.44047774,1
71.94336325,1
70.71564295,1
69.28811871,1
68.43786337,1
68.24934959,1
68.47135744,1
67.01776467,1
68.08328348,1
67.68747842,1
67.39799093,1
66.2691171,1
65.34304105,1
66.44792487,1
67.26279954,1
67.60152815,1
69.90530838,1
70.73996852,1
70.49826866,1
70.2611678,1
71.53832084,1
71.27033912,1
70.90025791,1
71.52148116,1
70.28414588,1
71.60015916,1
70.28728127,1
68.83984168,1
68.49777461,1
69.31375581,1
67.72785184,1
68.09933961,1
67.25783658,1
66.864027,1
66.59775853,1
65.53304117,1
66.86270078,1
67.50801513,1
67.77407736,1
68.52400365,1
69.56611683,1
71.28961034,1
70.14062086,1
71.034825,1
71.44418165,1
70.78327368,1
70.66347191,1
69.90711596,1
70.24754496,1
71.0175816,1
71.11791992,1
69.28691532,1
69.27422586,1
70.19449054,1
68.77820054,1
68.18678053,1
68.85984403,1
67.73755512,1
67.49811369,1
66.73351538,1
65.96544261,1
66.93124294,1
69.07779412,1
69.22374151,1
69.4535237,1
72.22574727,1
72.32609476,1
72.0268521,1
71.58630641,1
70.57044597,1
71.2768215,1
71.55483881,1
72.03927682,1
71.48654663,1
70.86464227,1
69.35637651,1
69.61239792,1
68.43977756,1
68.1853957,1
67.29170594,1
68.42970414,1
67.05828335,1
66.50295007,1
67.00732027,1
65.42638245,1
67.67939638,1
67.02204681,1
68.54764706,1
69.4655308,1
70.43402561,1
71.9389561,1
70.81297494,1
70.81249572,1
70.15898776,1
71.64451052,1
70.19782359,1
70.58227035,1
71.2087204,1
70.20658031,1
71.0117591,1
68.85446017,1
69.98331416,1
68.46446529,1
68.73818002,1
69.062706,1
68.38697286,1
67.58387429,1
67.83077241,1
68.81423687,1
66.69042351,1
66.36840797,1
66.61346754,1
67.33922911,1
66.9322944,1
66.76955124,1
66.00830414,1
66.7799832,1
66.58172048,1
67.11698683,1
66.15598172,1
66.69489329,1
65.2430426,1
65.21164883,1
65.4966696,1
65.38109608,1
65.02897391,1
65.40018788,1
65.51296869,1
65.48389278,1
65.75005021,1
65.34666001,1
65.39531562,1
65.76317725,1
67.38934556,1
66.79761934,1
67.51730856,1
69.42271076,1
69.86566479,1
69.47338876,1
70.95110588,1
71.56889705,1
70.99062865,1
70.60246289,1
68.00017618,1
68.2578376,1
68.63980318,1
68.32316289,1
66.43383631,1
67.18821052,1
67.27079193,1
65.27791142,1
65.56452156,1
66.5334125,1
68.23406291,1
68.56959033,1
69.70420104,1
69.63981849,1
70.22222824,1
70.31535411,1
71.95951248,1
71.24637137,1
71.58768312,1
70.4210895,1
71.20646965,1
70.61530009,1
70.06998582,1
69.29171113,1
67.85447566,1
68.24887826,1
68.7671529,1
68.21590455,1
66.42226253,1
67.39517591,1
65.36892099,1
66.25362724,1
66.59754547,1
67.72967658,1
68.48225745,1
69.92320652,1
70.58513885,1
71.41308851,1
70.3227835,1
71.11789389,1
69.47243025,1
70.89176392,1
71.4621514,1
71.40483009,1
72.2868221,1
69.7696442,1
69.85857394,1
70.29044092,1
69.18897735,1
68.25903615,1
69.48405619,1
69.03729828,1
68.99054634,1
66.96693467,1
67.79585605,1
67.30111228,1
68.06321777,1
68.92309559,1
69.95467957,1
69.9996911,1
70.46057561,1
69.69177635,1
71.01239837,1
69.3636139,1
69.23956202,1
69.02602271,1
67.66881974,1
66.9784945,1
66.1376634,1
65.64125076,1
65.37565585,1
65.96957647,1
66.59359265,1
68.33141592,1
68.92824643,1
69.4470812,1
70.69379188,1
68.80751333,1
69.77099451,1
69.4302069,1
69.69943799,1
68.39255358,1
69.67023519,1
68.57844056,1
67.05017892,1
68.5384467,1
66.58977222,1
66.4437355,1
66.63975574,1
65.35200151,1
66.56495507,1
66.89048639,1
66.76290578,1
68.22765033,1
68.66217484,1
68.77584664,1
69.85149804,1
69.64134024,1
68.67883235,1
66.53906385,1
66.75587974,1
66.67419463,1
65.2054392,1
65.2363275,1
66.04334863,1
68.1421882,1
68.61566659,1
68.8042788,1
70.24867959,1
68.84215496,1
71.07422118,1
70.7975171,1
70.00379538,1
69.63818207,1
71.11138859,1
68.9745537,1
68.41451411,1
67.63084599,1
65.73481705,1
65.50434383,1
67.37766731,1
67.53637026,1
68.93675906,1
69.01582856,1
70.01135347,1
70.54341131,1
70.3562049,1
72.05054652,1
70.83587447,1
71.22103625,1
70.22217235,1
69.83271805,1
67.95233259,1
67.65108997,1
67.466994,1
65.22016644,1
65.24342103,1
65.7106396,1
66.77957199,1
68.38229729,1
68.29797018,1
70.41445853,1
68.73075749,1
70.5379637,1
69.8449591,1
69.92419335,1
70.06645502,1
70.01194478,1
70.75213902,1
70.23146023,1
68.89087654,1
68.74794199,1
68.6134614,1
67.8040996,1
66.81999556,1
66.76963018,1
65.69553058,1
65.73002042,1
65.04376513,1
66.66369506,1
66.91478029,1
68.35124962,1
68.53892428,1
69.18079834,1
70.04821235,1
69.09186246,1
70.13679966,1
68.64486802,1
69.10913357,1
69.34877115,1
70.06810868,1
69.68681363,1
69.28946496,1
68.10328878,1
68.52704977,1
67.80210719,1
66.29263566,1
66.15580573,1
65.50262029,1
65.67858252,1
66.76499604,1
65.38745208,1
65.1175339,1
65.14093075,1
65.37596399,1
65.39698618,1
65.915587,1
67.29050932,1
68.45738752,1
70.07377229,1
69.70332453,1
69.7202728,1
69.40144364,1
68.60855551,1
68.59433384,1
67.36680577,1
67.03274551,1
67.24095409,1
65.7964252,1
65.11700189,1
65.51557705,1
66.98431814,1
67.61193771,1
69.98132266,1
70.67558021,1
69.62883752,1
69.69713146,1
69.91198782,1
70.55887454,1
70.51507392,1
69.61686927,1
69.95093901,1
68.91740485,1
67.98366316,1
69.21152689,1
68.4994454,1
68.2065762,1
67.17531475,1
66.98745597,1
66.01118571,1
66.26108706,1
66.03229855,1
66.26457169,1
66.5901253,1
67.33860469,1
67.71813475,1
68.74407883,1
70.07146655,1
69.09664385,1
68.54085218,1
68.74793879,1
70.2110304,1
69.08812898,1
71.14090948,1
71.35406032,1
70.40898557,1
70.11680124,1
68.45657214,1
68.04369977,1
67.86825922,1
68.25265298,1
67.93389846,1
67.41557857,1
66.82858317,1
66.46827942,1
66.70529771,1
65.99333339,1
66.3995492,1
68.68937881,1
68.86981543,1
69.28930829,1
70.13701442,1
70.87920902,1
69.73387857,1
71.07672883,1
70.8997397,1
70.81721973,1
70.08894813,1
71.4981244,1
70.33872212,1
69.97998584,1
69.11046806,1
68.18636306,1
67.39351909,1
66.57525861,1
67.73318644,1
66.68982673,1
65.83218116,1
65.95237266,1
67.28099527,1
66.90419491,1
67.80676658,1
68.71115712,1
70.02939458,1
69.32625844,1
70.95509984,1
70.33649459,1
70.46790053,1
71.4753647,1
71.6850702,1
70.43496647,1
70.80912379,1
70.67649218,1
70.53630655,1
70.9107218,1
69.72934336,1
69.6017667,1
69.48880205,1
67.24793666,1
67.33153476,1
66.89338891,1
66.56130689,1
66.53741504,1
67.13725522,1
66.5594858,1
65.90565072,1
65.53921771,1
65.83948867,1
65.47092598,1
65.61321875,1
65.0033148,1
65.06987305,1
65.49571691,1
65.74230017,1
65.86073905,1
65.70163338,1
65.48002454,1
65.01981817,1
65.0067767,1
65.27562701,1
65.14115001,1
66.39555183,1
66.35592434,1
66.93708398,1
67.94603672,1
67.83616225,1
68.02972643,1
67.63528784,1
67.95345262,1
67.94164899,1
66.31355879,1
66.90239851,1
67.92545865,1
66.24886617,1
66.61769712,1
66.45853965,1
65.70015178,1
66.15509081,1
65.12909065,1
65.39479955,1
65.04887616,1
65.88072103,1
65.4814587,1
65.87838087,1
65.00936847,1
65.1453243,1
66.64151484,1
66.82120203,1
67.1960497,1
66.13772358,1
66.37318638,1
67.38361772,1
67.9887111,1
66.25593843,1
65.92849928,1
67.21492219,1
66.24671438,1
66.61478769,1
65.37702424,1
65.19211401,1
65.37953893,1
65.05709023,1
65.87109317,1
66.54947805,1
66.4332683,1
67.94196795,1
67.73779434,1
67.94409258,1
68.59569962,1
67.76281833,1
66.3713461,1
66.45491031,1
67.7664687,1
66.30486725,1
66.77500592,1
66.08791142,1
66.23633214,1
66.08952394,1
65.49363114,1
65.20911118,1
65.68346791,1
65.83693065,1
66.45562134,1
66.22132242,1
67.40617703,1
66.82972449,1
66.3484439,1
66.56058031,1
67.87466603,1
68.3687548,1
68.32191349,1
68.61482576,1
67.74306346,1
67.08645996,1
68.34330065,1
68.30007946,1
68.22785404,1
66.69875824,1
66.4911086,1
66.35595511,1
66.81821492,1
65.56948969,1
66.61559763,1
65.6976645,1
65.25902071,1
65.43821188,1
65.42301205,1
65.95634267,1
65.81969209,1
65.00620928,1
65.20208745,1
65.1361502,1
65.97596267,1
65.85552001,1
66.32755106,1
66.92969566,1
67.2613918,1
65.80789035,1
66.20385124,1
66.51044071,1
65.0523434,1
65.04876411,1
65.74920338,1
66.40186825,1
66.18664212,1
67.31747692,1
66.95425995,1
66.93790428,1
67.73969822,1
66.72610529,1
66.08638956,1
66.71634147,1
65.1468648,1
65.62693199,1
65.09258433,1
66.29709464,1
67.19427577,1
67.06897531,1
68.72099133,1
69.96068224,1
70.56685636,1
69.75004488,1
69.17335133,1
70.50844769,1
70.24540175,1
70.81293524,1
69.94704581,1
68.86682809,1
68.39329009,1
66.6067577,1
66.76001378,1
66.27637613,1
65.75512541,1
65.81007339,1
65.37270606,1
66.28889617,1
66.23410255,1
67.05133706,1
67.83863065,1
68.10943196,1
69.65642273,1
70.60573585,1
70.62927012,1
70.21115072,1
70.29113189,1
70.64550484,1
71.27645212,1
71.83727293,1
71.46726041,1
69.75939304,1
70.11417736,1
70.05504972,1
69.37027812,1
67.98228281,1
67.7865791,1
68.4344629,1
68.07785549,1
67.81285784,1
67.56774369,1
66.24760777,1
67.65004294,1
67.05143804,1
69.05576366,1
70.10149255,1
70.63274013,1
71.06084806,1
71.07378866,1
69.87334432,1
70.92486991,1
71.2245648,1
70.78867373,1
71.99197043,1
70.89590208,1
72.38733933,1
70.14675317,1
69.74583888,1
69.43160284,1
68.23254059,1
69.47792142,1
68.91530719,1
68.35492212,1
68.39336374,1
68.42272702,1
67.0775277,1
66.90356792,1
66.37013021,1
68.21760218,1
67.53453251,1
67.42839785,1
66.96098515,1
67.33616722,1
66.84359334,1
65.89084398,1
66.81261725,1
65.32919958,1
65.92892671,1
66.58894429,1
65.10538195,1
65.63011787,1
65.81492917,1
65.57018764,1
65.03499427,1
66.00850439,1
65.98530817,1
67.03067426,1
68.11149661,1
68.18592974,1
69.0919441,1
70.46158593,1
68.55542525,1
68.18348692,1
68.79946301,1
68.94392853,1
68.37912217,1
68.03272736,1
66.7522962,1
65.70093962,1
65.23145055,1
65.58334605,1
65.42791053,1
65.7424681,1
68.2490268,1
68.81523729,1
69.61897566,1
69.27540087,1
69.46898521,1
70.39851654,1
70.72748205,1
70.07376172,1
70.43111508,1
69.18648323,1
69.33720712,1
68.52452572,1
68.66320083,1
67.39728285,1
68.3111207,1
67.1601394,1
66.97372975,1
66.48481188,1
65.67840491,1
65.05875661,1
67.03858825,1
69.05639384,1
68.9918961,1
69.97788528,1
70.175432,1
68.1666437,1
68.57300267,1
69.83526008,1
70.27480031,1
70.2060904,1
69.40921677,1
70.27798951,1
68.30333556,1
68.09324242,1
68.36429597,1
67.72416061,1
67.8085136,1
68.26962214,1
66.64600393,1
67.56801604,1
67.36462946,1
66.53328753,1
67.08670333,1
66.85800575,1
69.47031702,1
70.77703377,1
71.07003789,1
70.78202725,1
70.7083186,1
70.9635362,1
70.2180453,1
71.14732103,1
71.78243404,1
70.94431125,1
70.25408586,1
69.97385592,1
71.20814017,1
70.28109027,1
68.42534022,1
68.14026632,1
68.31516842,1
68.80554576,1
68.70805438,1
68.21126844,1
67.02311979,1
68.13634615,1
68.50810021,1
68.78472332,1
70.26313322,1
69.48894493,1
69.78809126,1
69.96723012,1
69.74249505,1
70.69057352,1
70.63243838,1
70.67548445,1
71.48839758,1
70.21791457,1
69.93428517,1
70.22321349,1
70.68873242,1
68.72204475,1
69.45225691,1
68.41224787,1
68.36748732,1
67.63648402,1
67.66201157,1
65.90307781,1
66.21437481,1
65.82644339,1
65.50506941,1
65.74501564,1
65.36640537,1
65.90704699,1
66.46108503,1
68.26175947,1
70.71157984,1
71.27550282,1
72.16832368,1
71.18424703,1
72.14062818,1
71.21197512,1
69.21714746,1
68.35285951,1
65.94373646,1
67.5421717,1
69.71421777,1
69.51084605,1
71.30924261,1
71.54100964,1
72.16153754,1
70.88654096,1
70.91172121,1
72.16415303,1
70.52750726,1
67.87157133,1
68.33303676,1
66.90035458,1
66.99561858,1
65.40626786,1
65.8351216,1
66.70320421,1
68.58472225,1
71.45729537,1
71.66573622,1
72.395749,1
73.90430952,1
74.74593843,1
74.30063758,1
72.59432304,1
72.22398046,1
72.32603021,1
73.63394052,1
71.85085806,1
70.92319988,1
69.67101298,1
69.59055937,1
68.10096848,1
67.59063877,1
67.28802796,1
65.50415242,1
65.27590436,1
65.24654655,1
69.10167387,1
70.78848187,1
71.86870384,1
71.94794239,1
73.677598,1
72.98770276,1
74.42875737,1
72.64701052,1
73.13696747,1
72.89262523,1
71.9456771,1
72.75306445,1
72.16946467,1
70.85768581,1
68.89846747,1
69.76426088,1
67.22274865,1
66.84469742,1
65.7499409,1
65.72828867,1
65.55274567,1
66.27026002,1
68.11559824,1
69.89230339,1
70.85563315,1
72.70590985,1
73.19388671,1
71.69026293,1
71.85985178,1
73.21648743,1
72.87018134,1
72.78601953,1
72.3176002,1
72.96734992,1
72.9728198,1
71.42381462,1
71.5294155,1
70.53019592,1
67.44737298,1
68.10673337,1
66.54488604,1
65.99044378,1
65.57383653,1
66.16135606,1
68.07227638,1
69.81799259,1
72.0269253,1
71.77669121,1
72.19859519,1
72.23311654,1
72.5136072,1
73.97990891,1
72.13547844,1
73.53223604,1
71.63600005,1
70.98695943,1
69.02377801,1
68.51109537,1
67.10193816,1
66.822098,1
65.9294706,1
67.12169762,1
65.4066128,1
66.86987932,1
70.10010407,1
71.53161261,1
72.17782106,1
72.68078037,1
71.96861391,1
72.11443201,1
73.00783047,1
73.08768457,1
71.32243816,1
71.49022791,1
71.8134752,1
69.75022022,1
69.68719735,1
68.98695874,1
68.63483818,1
67.0000815,1
66.52891628,1
67.65632279,1
65.74329837,1
66.24037883,1
65.6458741,1
67.47256826,1
68.03307954,1
70.45571697,1
72.37020644,1
72.17295622,1
72.04656545,1
71.82522648,1
72.58408858,1
